id,name,power
car-01,รถเต่า,1
car-02,หอยทากติดล้อ,2
car-03,รถเข็นยายไปตลาด,3
car-04,โซฟาติดล้อ,4
car-05,ตู้เย็นซิ่ง,5
car-06,รถเข็นไอติมกริ่ง,6
car-07,กะละมังสเก็ต,7
car-08,สามล้อขาสั่น,8
car-09,ควายเทอร์โบ,9
car-10,อีแต๋นแต่งซิ่ง,10
car-11,เตียงนอนวิ่งได้,11
car-12,ส้วมเคลื่อนที่,12
car-13,ไก่ชนติดเครื่อง,13
car-14,หมูกระทะซิ่ง,14
car-15,สองแถวไฟเธค,15
car-16,ตุ๊กตุ๊กติดปีก,16
car-17,กล้วยหอมติดไอพ่น,17
car-18,รองเท้าแตะไอพ่น,18
car-19,วินมอไซค์ติดจรวด,19
car-20,ช้างสเก็ตบอร์ด,20
car-21,ปลาทูบิน,21
car-22,ครกส้มตำยักษ์,22
car-23,ไม้กวาดป้าข้างบ้าน,23
car-24,เรือหางยาวบนถนน,24
car-25,แมวส้มติดเทอร์โบ,25
car-26,ชาไข่มุกจรวด,26
car-27,เก้าอี้ออฟฟิศไอพ่น,27
car-28,ตู้หยอดเหรียญหนีตาย,28
car-29,ไดโนเสาร์ล้อแม็ก,29
car-30,กระติบข้าวเหนียวถังรบ,30
car-31,ฉลามบนบก,31
car-32,เครื่องซักผ้าโหมดปั่น,32
car-33,จานบินลุงข้างบ้าน,33
car-34,มังกรติดล้อ,34
car-35,ลิฟต์แนวนอน,35
car-36,ห่านโกรธไล่จิก,36
car-37,ยูนิคอร์นไนตรัส,37
car-38,พายุหมุนบรรจุกระป๋อง,38
car-39,ดาวหางเลี้ยวซ้าย,39
car-40,ฟ้าผ่าส่งด่วน,40
car-41,ข่าวลือในออฟฟิศ,41
car-42,สัญญาณ 5G เต็มขีด,42
car-43,เงินเดือนหมดไว,43
car-44,แม่ตอนเห็นใบเกรด,44
car-45,ห้าโมงเย็นวันศุกร์,45
car-46,เลเซอร์ที่แมวไล่,46
car-47,หลุมดำติดท่อไอเสีย,47
car-48,ความเร็วแสงมีแตร,48
car-49,เครื่องย้อนเวลาติดล้อ,49
car-50,ประตูมิติเปิดปุ๊บถึงปั๊บ,50
